Movie,Unnamed: 0,RR,EDA
1.0,0,0.904175824307,7.14846836691
2.0,0,0.908676601851,7.49509097688
3.0,0,0.9175934213,7.29675739324
4.0,0,0.879754608221,7.07271622395
